{
  "BTCUSD": {
    "metrics": {
      "total_trades": 132,
      "wins": 55,
      "losses": 77,
      "win_rate": 41.66666666666667,
      "total_profit": -5003.815781233886,
      "avg_profit": -37.907695312377925,
      "avg_win": 164.32776178152528,
      "avg_loss": -182.3615932365945,
      "best_trade": 348.35841236650634,
      "worst_trade": -355.31512938739985,
      "profit_factor": 0.643649633773519,
      "max_drawdown": 5414.83482853087,
      "final_balance": 4996.184218766114,
      "return_pct": -50.03815781233886
    },
    "params": [
      50,
      20.0,
      1.5,
      2.0
    ]
  },
  "EURUSD": {
    "metrics": {
      "total_trades": 91,
      "wins": 34,
      "losses": 57,
      "win_rate": 37.362637362637365,
      "total_profit": -4849.121121301913,
      "avg_profit": -53.287045289032015,
      "avg_win": 139.13471345401896,
      "avg_loss": -168.06493646909752,
      "best_trade": 585.9378044553312,
      "worst_trade": -261.95981040165566,
      "profit_factor": 0.49381291445428754,
      "max_drawdown": 4878.825375406772,
      "final_balance": 5150.878878698087,
      "return_pct": -48.49121121301913
    },
    "params": [
      50,
      20.0,
      1.5,
      2.0
    ]
  },
  "GBPJPY": {
    "metrics": {
      "total_trades": 94,
      "wins": 38,
      "losses": 56,
      "win_rate": 40.42553191489361,
      "total_profit": -4092.7780976076724,
      "avg_profit": -43.5401925277412,
      "avg_win": 167.58098067420542,
      "avg_loss": -186.80098862906212,
      "best_trade": 333.5113919930532,
      "worst_trade": -245.79868734995935,
      "profit_factor": 0.6087530172728695,
      "max_drawdown": 4853.7698172749515,
      "final_balance": 5907.221902392328,
      "return_pct": -40.92778097607672
    },
    "params": [
      50,
      20.0,
      1.5,
      2.0
    ]
  },
  "GBPUSD": {
    "metrics": {
      "total_trades": 93,
      "wins": 40,
      "losses": 53,
      "win_rate": 43.01075268817204,
      "total_profit": -3611.6609883633196,
      "avg_profit": -38.835064391003435,
      "avg_win": 161.65419398237054,
      "avg_loss": -190.14771221996492,
      "best_trade": 796.4451966108061,
      "worst_trade": -281.13633209124856,
      "profit_factor": 0.6416231036667905,
      "max_drawdown": 4157.292276449166,
      "final_balance": 6388.339011636681,
      "return_pct": -36.116609883633195
    },
    "params": [
      50,
      20.0,
      1.5,
      2.0
    ]
  },
  "NAS100": {
    "metrics": {
      "total_trades": 100,
      "wins": 41,
      "losses": 59,
      "win_rate": 41.0,
      "total_profit": -3164.699768181197,
      "avg_profit": -31.64699768181197,
      "avg_win": 164.31034165554436,
      "avg_loss": -167.82074196709348,
      "best_trade": 535.0643502489262,
      "worst_trade": -225.63131899530566,
      "profit_factor": 0.6803793232410283,
      "max_drawdown": 3917.5254312224524,
      "final_balance": 6835.300231818803,
      "return_pct": -31.64699768181197
    },
    "params": [
      50,
      20.0,
      1.5,
      2.0
    ]
  },
  "USDJPY": {
    "metrics": {
      "total_trades": 90,
      "wins": 31,
      "losses": 59,
      "win_rate": 34.44444444444444,
      "total_profit": -5146.076837230454,
      "avg_profit": -57.17863152478282,
      "avg_win": 166.86856418489947,
      "avg_loss": -174.8983445247854,
      "best_trade": 333.78501633845127,
      "worst_trade": -237.366065324701,
      "profit_factor": 0.5013009325732622,
      "max_drawdown": 5163.844878664569,
      "final_balance": 4853.923162769546,
      "return_pct": -51.460768372304535
    },
    "params": [
      50,
      20.0,
      1.5,
      2.0
    ]
  },
  "XAUUSD": {
    "metrics": {
      "total_trades": 98,
      "wins": 42,
      "losses": 56,
      "win_rate": 42.857142857142854,
      "total_profit": -1358.627449294502,
      "avg_profit": -13.863545400964306,
      "avg_win": 192.6052730313587,
      "avg_loss": -168.71515922520652,
      "best_trade": 741.5048434207729,
      "worst_trade": -219.812246236102,
      "profit_factor": 0.8562002100872106,
      "max_drawdown": 4113.015951365372,
      "final_balance": 8641.372550705499,
      "return_pct": -13.586274492945014
    },
    "params": [
      50,
      20.0,
      1.5,
      2.0
    ]
  }
}